Perfume_Name,Stock
CREED AVENTUS,300
FAHRENHEIT,300
VICTORIA SECRET,300
SUGAR BABY,300
DUBAI,300
BLACK OPIUM,300
COOL WATER,300
1 MILLION,0
212 VIP,300
JADORE,300
HUGO BOSS,300
TOMFORD,300
SAVAGE DIOR,300
ARMANI SI,300
BLACK OUD,300
OUD COLLECTION,300
REAL XX,300
MOSCOLINO,300
MARYAM,300
BLUE LADY,300
GOOD GIRL,300
KS SPARK,300
GIVENCHY IRRESISTIBLE,300
PURE SEDUCTION,300
VERSACE,300
ICON,300
PINK CHIFFON,300
WHITE LONDON,300
BACCARAT,300
VANILLA,300
STRAWBERRY,300
SOFT,300
MANGO TEMPTATION,300
GUCCI OUD INTENSE,300
AMOURAGE INTERLUDE,300
BEYONCE HEAT RUSH,300
BLACK ORCHID,300
WOOD OUD,300
BOMBSHELL,300
BEAUTIFUL TOUCH,300
CHOCOLATE MUSK,300
GUCCI BAMBOO,300
LITCHI,300
DAKKAR,300
PINK SUGAR,300
GUCCI RUSH,300
LA VIEST BELLE,300
ONE MAN,300
PADA CANDY,300
HYPNOTIC POISON,300
ROYAL BLACK,0
BLACK XX,300
PLEASURE,300
BUSHRA,300
CHANNEL BLUE,300
FACEBOOK,300
24HRS,300
HAPPINESS,300
INVICTUS,300
LOVE SPELL,300
TUSCAN LEATHER,0
FLOWER BOMB,300
LOVELY,300
MILLIONAIRE,0
THE LOVE,300
ISSMIYAKI,300
DECADENCE,300
OUD TOUCH,300
MIDNIGHT ROMANCE,300
SWEET TEMPTATION,300
COCONUT PASSION,300
GUCCI GUILTY,300
CREED SILVER WATER,300
ARMANI PINK,300
BURHAN,300
TURKEY OUD,0
POLO SPORT,300
PLAY BLUE,300
PURE BLACK,300
LORD,300
DUNHILL,0
RED DOR,300
AMIR AL OUD,300
INTER OUD,300
YES SIR,300
SIGNATURE,0
LADY MILLION,300
TERRY D'MEHRES,300
PASSION,300
OLYMPIA,300
ESCADA CHERRY,300
LADY PRESIDENT,300
C - R - 7,300
DIOR PURE POISON,300
SULTAN,300
RAKAN,300
ESCADA TAJ SUNSET,300
MON PARIS,300
TOM OUD,0
ARMANI CODE,300
FANTASTIC,300
MANIS,300
ETERNITY,300
BLUE WATER,300
SENETOR,300
ACTION,300
ASEEL,300
REO MESSY,300
DAVID BACKUM,300
BLUE SEDUCTION,300
TOMFORD OUD WOOD,300
ATTRACTIVE,300
STRONGER WITH YOU,300
212 MEN,300
OUD MAN,0
5TH AVENUE,300
GIORGIO ARMANI,300
BROWN ORCHID,300
MUSK AL TAHARA,0
MAD ABOUT YOU,300
BURBERRY,300
MARBIT MAN,300
ARABIAN TOUCH,300
212 AQUA,300
JAMILA,300
COCO MADEMOISELLE,300
MAGNET,300
CHANCE,300
BADDEST OUD,300
AMOUAGE OUD,300
WANTED,0
HAMILTON,300
GIVENCHY,300
INTOXICATED,300
CHAMPION,300
PRINCESS OUD,300
MOUSUF,300
PINK DANA,300
SWEET OUD,300
AMBERGRIS,300
MAD LOVE,300
WESAL,300
OLYMPIC,300
BELLA OUD,300
TAJ SUNSET INTENSE,300
EUPHORIA,0
AMBIANCE,300
FLORA,300
CUSH BABY,300
HUGO,300
SCANDAL,300
ME ALONE,300
MY WAY,300
NICE GIRL,300
VIKING,300
LACO 12:12,300
MARJ,300
ICON GREY,300
OUD GOLD,300
PINK GIRL,300
CAFE NOIR,300
DESIRE,300
ROSE OUD,300
OUD MARACUJA,300
ROYAL ORCHID,300
MIXED FRAGRANCES,0
